{
  "version": 1,
  "author": "Uri Shaked",
  "editor": "wokwi",
  "parts": [
    { "type": "wokwi-breadboard", "id": "bb1", "top": 179.4, "left": 242.8, "attrs": {} },
    { "type": "wokwi-arduino-uno", "id": "uno", "top": 183, "left": -87, "attrs": {} },
    {
      "type": "wokwi-dht22",
      "id": "dht",
      "top": 115.5,
      "left": 378.6,
      "attrs": { "temperature": "80", "humidity": "0" }
    },
    {
      "type": "wokwi-photoresistor-sensor",
      "id": "ldr1",
      "top": 425.6,
      "left": -114.4,
      "attrs": {}
    },
    {
      "type": "wokwi-lcd1602",
      "id": "lcd1",
      "top": -60.8,
      "left": -109.6,
      "attrs": { "pins": "i2c" }
    },
    { "type": "wokwi-ds1307", "id": "rtc1", "top": 417, "left": 384.1, "attrs": {} },
    {
      "type": "wokwi-buzzer",
      "id": "bz1",
      "top": 165.6,
      "left": 462.6,
      "attrs": { "volume": "0.1" }
    }
  ],
  "connections": [
    [ "uno:2", "dht:SDA", "green", [ "v-16", "*", "h0" ] ],
    [ "uno:5V", "bb1:bp.1", "red", [ "v0" ] ],
    [ "uno:GND.2", "bb1:bn.1", "black", [ "v0" ] ],
    [ "dht:VCC", "bb1:bp.10", "red", [ "v134.4" ] ],
    [ "dht:GND", "bb1:bn.15", "black", [ "v124.8", "h28.8", "v19.2" ] ],
    [ "ldr1:AO", "uno:A0", "green", [ "h0", "v28.1", "h-201.6", "v-105.6", "h57.6" ] ],
    [ "bb1:bn.10", "bb1:bn.11", "green", [ "v0" ] ],
    [ "bb1:bn.6", "bb1:bn.5", "green", [ "v0" ] ],
    [ "bb1:bp.11", "bb1:bp.10", "green", [ "v0" ] ],
    [ "bb1:bp.5", "bb1:bp.6", "green", [ "v0" ] ],
    [ "lcd1:SCL", "uno:A5.2", "green", [ "h-28.8", "v173.1", "h134.4" ] ],
    [ "lcd1:SDA", "uno:A4.2", "green", [ "h-19.2", "v173", "h134.4" ] ],
    [ "ldr1:VCC", "bb1:bp.2", "red", [ "h249.6" ] ],
    [ "ldr1:GND", "bb1:bn.2", "black", [ "h240", "v-0.4" ] ],
    [ "lcd1:VCC", "bb1:bp.7", "red", [ "h-134.4", "v288.1", "h0", "v268.8", "h604.8" ] ],
    [ "lcd1:GND", "bb1:bn.7", "black", [ "h-153.6", "v576", "h624", "v9.6" ] ],
    [ "rtc1:GND", "bb1:bn.3", "black", [ "h0" ] ],
    [ "rtc1:5V", "bb1:bp.3", "red", [ "h-86.4", "v-0.4" ] ],
    [ "rtc1:SDA", "uno:A4", "green", [ "h-230.4", "v-0.3" ] ],
    [ "rtc1:SCL", "uno:A5", "green", [ "h-220.8", "v-0.2" ] ],
    [ "bb1:25t.d", "bb1:bp.20", "green", [ "v0" ] ],
    [ "bb1:24t.d", "uno:7", "green", [ "h-192", "v-67.2" ] ],
    [ "bz1:1", "bb1:24t.c", "", [ "$bb" ] ],
    [ "bz1:2", "bb1:25t.c", "", [ "$bb" ] ],
    [ "dht:VCC", "bb1:14t.a", "", [ "$bb" ] ],
    [ "dht:SDA", "bb1:15t.a", "", [ "$bb" ] ],
    [ "dht:NC", "bb1:16t.a", "", [ "$bb" ] ],
    [ "dht:GND", "bb1:17t.a", "", [ "$bb" ] ]
  ],
  "dependencies": {}
}